Nama,Rating,Lokasi Search
Adelia Hair & Beauty Salon,"4,9 bintang","Ngunut, Ngunut"
Paras beauty studio | nail art & eyelash ngunut,"5,0 bintang","Ngunut, Ngunut"
MENARA AYU SALON,"4,6 bintang","Ngunut, Ngunut"
Salon Aditya,"4,5 bintang","Ngunut, Ngunut"
Salon Vionni,"5,0 bintang","Ngunut, Ngunut"
Salon Citra,"4,7 bintang","Ngunut, Ngunut"
"LUCKY BEAUTY STUDIO (salon, nail art dan eyelast)","5,0 bintang","Ngunut, Ngunut"
Twin;S Salon,"4,2 bintang","Ngunut, Ngunut"
Salon Deito,"4,6 bintang","Ngunut, Ngunut"
WJ SALON Hair & Beauty,"4,4 bintang","Ngunut, Ngunut"
Linda salon,"4,4 bintang","Ngunut, Ngunut"
Ls,"4,8 bintang","Ngunut, Ngunut"
Saga Beauty Ngunut,"4,6 bintang","Ngunut, Ngunut"
Atha Studio Ngunut,"5,0 bintang","Ngunut, Ngunut"
Monica Salon,"4,2 bintang","Ngunut, Ngunut"
Aida Salon,"4,4 bintang","Ngunut, Ngunut"
Fizik Hair Design Salon,"4,9 bintang","Ngunut, Ngunut"
Salon Nova,"4,7 bintang","Ngunut, Ngunut"
Azalea salon,N/A,"Ngunut, Ngunut"
Ratna MUA,"5,0 bintang","Ngunut, Ngunut"
Griyo Ayu Salon Ngunut,N/A,"Ngunut, Ngunut"
sanggar rias kurnia,"4,7 bintang 3 Ulasan","Ngunut, Ngunut"
Sheila salon,"4,5 bintang 8 Ulasan","Ngunut, Ngunut"
Saga Beauty Ngunut,"4,6 bintang 17 Ulasan","Ngunut, Ngunut"
Azalea salon,N/A,"Ngunut, Ngunut"
Salon Dyani,"4,0 bintang 4 Ulasan","Ngunut, Ngunut"
Salon Lestari,"5,0 bintang 2 Ulasan","Ngunut, Ngunut"
Monica Salon,"4,2 bintang 9 Ulasan","Ngunut, Ngunut"
Salon Carmelita,"2,8 bintang 6 Ulasan","Ngunut, Ngunut"
Salon Kris,"4,3 bintang 3 Ulasan","Ngunut, Ngunut"
Salon Nova,"4,7 bintang 3 Ulasan","Ngunut, Ngunut"
Salon Tiara,"4,5 bintang 8 Ulasan","Ngunut, Ngunut"
Vika salon hair and beauty,"5,0 bintang 1 Ulasan","Ngunut, Ngunut"
Salon Arya,"4,0 bintang 3 Ulasan","Ngunut, Ngunut"
Photo & Salon Isabela,"4,7 bintang 3 Ulasan","Ngunut, Ngunut"
MUNA GRIYA PAES,"4,8 bintang 4 Ulasan","Ngunut, Ngunut"
Aida Salon,"4,4 bintang 16 Ulasan","Ngunut, Ngunut"
Abdillah Baby Spa & Kids,"4,8 bintang 24 Ulasan","Ngunut, Ngunut"
Pesona Salon & Studio,"5,0 bintang 2 Ulasan","Ngunut, Ngunut"
Aditya,"3,7 bintang 7 Ulasan","Ngunut, Ngunut"
Wulan Salon,"4,8 bintang 6 Ulasan","Ngunut, Ngunut"
Wafa Salon (new),"5,0 bintang 1 Ulasan","Ngunut, Ngunut"
Java Studio Tulungagung,"5,0 bintang 1 Ulasan","Ngunut, Ngunut"
Anggia Cosmart,"3,9 bintang 10 Ulasan","Ngunut, Ngunut"
SALON CICIK,"5,0 bintang 2 Ulasan","Ngunut, Ngunut"
SALON MULYA,"4,4 bintang 5 Ulasan","Ngunut, Ngunut"
LPK Salon Christina,"5,0 bintang 4 Ulasan","Ngunut, Ngunut"
Delovely Beauty salon,"5,0 bintang 1 Ulasan","Ngunut, Ngunut"
Edelweis.nails,"5,0 bintang 1 Ulasan","Ngunut, Ngunut"
CLARISSA Salon Dan Make Up,"5,0 bintang 1 Ulasan","Ngunut, Ngunut"
Melinda oki salon,"5,0 bintang 5 Ulasan","Ngunut, Ngunut"
Diayu Salon & Wedding,"5,0 bintang 3 Ulasan","Ngunut, Ngunut"
Potong Rambut Pria Hari,"4,7 bintang 3 Ulasan","Ngunut, Ngunut"
Salon Antika,"5,0 bintang 3 Ulasan","Ngunut, Ngunut"
Rani Salon,"3,8 bintang 6 Ulasan","Ngunut, Ngunut"
Dinda Salon,"5,0 bintang 3 Ulasan","Ngunut, Ngunut"
Salon SUSY,"5,0 bintang 1 Ulasan","Ngunut, Ngunut"
Ketzia Salon,"4,0 bintang 2 Ulasan","Ngunut, Ngunut"
Salon & Rias Pengantin Galuh,"4,7 bintang 3 Ulasan","Ngunut, Ngunut"
Potong Rambut Mbois,"4,6 bintang 11 Ulasan","Ngunut, Ngunut"
Abdillah,"3,4 bintang 5 Ulasan","Ngunut, Ngunut"
Frenky salon,"5,0 bintang 1 Ulasan","Ngunut, Ngunut"
ANIS SALON,"5,0 bintang 1 Ulasan","Ngunut, Ngunut"
Criez Beauty Salon,"3,3 bintang 3 Ulasan","Ngunut, Ngunut"
Eric salon,"5,0 bintang 3 Ulasan","Ngunut, Ngunut"
Salon SEKAR AYU,N/A,"Ngunut, Ngunut"
Dita salon,N/A,"Ngunut, Ngunut"
Olivia Salon,"5,0 bintang 1 Ulasan","Ngunut, Ngunut"
Naura House Of Beauty,"5,0 bintang 1 Ulasan","Ngunut, Ngunut"
Salon Anggun,"5,0 bintang 2 Ulasan","Ngunut, Ngunut"
Salon Natasha,"5,0 bintang 3 Ulasan","Ngunut, Ngunut"
Salon Lituhayu,"4,2 bintang 6 Ulasan","Ngunut, Ngunut"
Khasanah Beauty,"4,8 bintang 5 Ulasan","Ngunut, Ngunut"
Selenails House,"5,0 bintang 2 Ulasan","Ngunut, Ngunut"
Ratna Salon,"4,8 bintang 5 Ulasan","Ngunut, Ngunut"
Salon Bensen,"5,0 bintang 3 Ulasan","Ngunut, Ngunut"
Salon Marisol,"4,5 bintang 4 Ulasan","Ngunut, Ngunut"
Beauty salon and make up artis,"4,5 bintang 2 Ulasan","Ngunut, Ngunut"
Nova Salon,"5,0 bintang 4 Ulasan","Ngunut, Ngunut"
Annisa Salon,N/A,"Ngunut, Ngunut"
Salon Kecantikan,"5,0 bintang 2 Ulasan","Ngunut, Ngunut"
ernov beauty salon,"3,0 bintang 1 Ulasan","Ngunut, Ngunut"
Audrey Skin Care,"4,6 bintang 5 Ulasan","Ngunut, Ngunut"
Salon zeezee,"2,5 bintang 2 Ulasan","Ngunut, Ngunut"
Elok Salon & @ellcookies_,"5,0 bintang 5 Ulasan","Ngunut, Ngunut"
Laundry & Valensya Salon,N/A,"Ngunut, Ngunut"
"SALON ""NN""","4,3 bintang 3 Ulasan","Ngunut, Ngunut"
SAGARA Skin Solution,"4,9 bintang 7 Ulasan","Ngunut, Ngunut"
Griya paes anna,N/A,"Ngunut, Ngunut"
GNA HOME BEAUTY EYELASH,N/A,"Ngunut, Ngunut"
SELLA salon,"3,0 bintang 1 Ulasan","Ngunut, Ngunut"
Kuning Cosmetics B,"4,7 bintang 49 Ulasan","Ngunut, Ngunut"
Azzalea Salon,N/A,"Ngunut, Ngunut"
Cantik Berbinar Makeup Art,N/A,"Ngunut, Ngunut"
Salon Rossy (Mbak Uddah),"5,0 bintang 4 Ulasan","Ngunut, Ngunut"
Salon Yesi Anisa,"4,0 bintang 1 Ulasan","Ngunut, Ngunut"
Ebrilyan.makeup,"5,0 bintang 4 Ulasan","Ngunut, Ngunut"
Griya Beauty Salon,N/A,"Ngunut, Ngunut"
Nailash Beautee,N/A,"Ngunut, Ngunut"
Qandedes Salon,N/A,"Ngunut, Ngunut"
Sbastika Hairstudio,N/A,"Ngunut, Ngunut"
Salon Bougenvil,N/A,"Ngunut, Ngunut"
Salon Nindy,N/A,"Ngunut, Ngunut"
CALISTA BEAUTY,N/A,"Ngunut, Ngunut"
Salon Dan Penjahit Sherly,"5,0 bintang 1 Ulasan","Ngunut, Ngunut"
Nabila Salon,N/A,"Ngunut, Ngunut"
Wafa Salon,"4,0 bintang 3 Ulasan","Ngunut, Ngunut"
Treffen Barbershop,"4,8 bintang 57 Ulasan","Ngunut, Ngunut"
Diva Salon,"4,6 bintang 13 Ulasan","Ngunut, Ngunut"
Salon Amora & Rias Pengantin,"5,0 bintang 1 Ulasan","Ngunut, Ngunut"
Salon Chori,N/A,"Ngunut, Ngunut"
Herlashing lash artist and nail art | nails artist| brow,"5,0 bintang 2 Ulasan","Ngunut, Ngunut"
Citra Ayu Salon,N/A,"Ngunut, Ngunut"
Perlengkapan barbershop,N/A,"Ngunut, Ngunut"
Salon Rindra,N/A,"Ngunut, Ngunut"
Salon Monalisa,N/A,"Ngunut, Ngunut"
Fortuna Salon dan Spa,N/A,"Ngunut, Ngunut"
Liyuhayu Art Decoration,N/A,"Ngunut, Ngunut"
Salon Agus,"4,0 bintang 1 Ulasan","Ngunut, Ngunut"
salon,N/A,"Ngunut, Ngunut"
